source-file-path,first commit timestamp,first commit hash,first commit message
".github/CODEOWNERS","2025-09-02T14:13","4efd210882497ae645313c1bb845c343f066ec8f","Initial commit"
".github/ISSUE_TEMPLATE.md","2025-09-02T14:13","4efd210882497ae645313c1bb845c343f066ec8f","Initial commit"
".github/ISSUE_TEMPLATE/2_enhancement_request.md","2025-09-02T14:13",".github/ISSUE_TEMPLATE/1_feature_request.md","2025-09-02T14:13","4efd210882497ae645313c1bb845c343f066ec8f","Initial commit"
".github/ISSUE_TEMPLATE/3_bug_report.md","2025-09-02T14:13","4efd210882497ae645313c1bb845c343f066ec8f","Initial commit"
".github/ISSUE_TEMPLATE/4_documentation_change.md","2025-09-02T14:13","4efd210882497ae645313c1bb845c343f066ec8f","Initial commit"
".github/close-label.yml","2025-09-02T14:13","4efd210882497ae645313c1bb845c343f066ec8f","Initial commit"
".github/dependabot.yml","2025-09-02T14:13","4efd210882497ae645313c1bb845c343f066ec8f","Initial commit"
".github/release-notes.yml","2025-09-02T14:13","4efd210882497ae645313c1bb845c343f066ec8f","Initial commit"
".github/workflows/dependabot-automation.yml","2025-09-02T14:13","4efd210882497ae645313c1bb845c343f066ec8f","Initial commit"
".github/workflows/main.yml","2025-09-02T14:13","4efd210882497ae645313c1bb845c343f066ec8f","Initial commit"
".github/workflows/pullrequest.yml","2025-09-02T14:13","4efd210882497ae645313c1bb845c343f066ec8f","Initial commit"
".github/workflows/release-notes.yml","2025-09-02T14:13","4efd210882497ae645313c1bb845c343f066ec8f","Initial commit"
".gitignore","2025-09-02T13:54","a428fd872af83dceb6d86210a8aee3f61e350ad3","Initial commit"
".java-version","2026-03-25T15:19","44d7e06cf1e566e0a29c5a94154f86927987df81","chore: local java version for jenv"
".mvn/wrapper/maven-wrapper.properties","2025-09-02T14:13","4efd210882497ae645313c1bb845c343f066ec8f","Initial commit"
"4efd210882497ae645313c1bb845c343f066ec8f","Initial commit"
"LICENSE.txt","2025-09-19T10:21","dda20c535369954d48440a8e43d9adc091934b9b","Include AxonIQ Commercial license"
"README.md","2025-09-02T13:54","a428fd872af83dceb6d86210a8aee3f61e350ad3","Initial commit"
"axon_code_style.xml","2025-09-02T14:13","4efd210882497ae645313c1bb845c343f066ec8f","Initial commit"
"copyright-template.xml","2025-09-19T10:30","4aa6dd79011ae2bc9bfc3104d7aca9e3ce6a8bbe","Add copyright template"
"coverage-report/pom.xml","2025-09-25T14:40","cd282705cd160e2e89794c5684a4791819523618","Fix project setup"
"mvnw","2025-09-02T14:13","4efd210882497ae645313c1bb845c343f066ec8f","Initial commit"
"mvnw.cmd","2025-09-02T14:13","4efd210882497ae645313c1bb845c343f066ec8f","Initial commit"
"pom.xml","2025-09-02T14:13","4efd210882497ae645313c1bb845c343f066ec8f","Initial commit"
"postgresql-core/pom.xml","2025-09-25T14:40","cd282705cd160e2e89794c5684a4791819523618","Fix project setup"
"postgresql-core/src/main/java/io/axoniq/framework/extension/postgresql/MurmurHash3.java","2026-01-29T13:30","33722e9b4bda69cc0be3b2b85843a6040892dec6","Add hash based consistency tags"
"postgresql-core/src/main/java/io/axoniq/framework/extension/postgresql/PostgresAxoniqAddon.java","2026-02-10T10:39","6c851d1a2144935ea239b88c39ab7f7821e52d84","Verify entitlements through entitlement-module"
"postgresql-core/src/main/java/io/axoniq/framework/extension/postgresql/PostgresqlConfigurationEnhancer.java","2026-02-10T10:39","6c851d1a2144935ea239b88c39ab7f7821e52d84","Verify entitlements through entitlement-module"
"postgresql-core/src/main/java/io/axoniq/framework/extension/postgresql/PostgresqlEventStorageEngine.java","2025-09-26T08:09","6f8cae8980e6275534905a6ef422c9902e0698cc","Add initial version of a Postgres DCB implementation"
"postgresql-core/src/main/java/io/axoniq/framework/extension/postgresql/package-info.java","2026-03-25T13:11","80df19ec69511a3020759370d51db8e8164e2986","Use jspecify annotations"
"postgresql-core/src/main/resources/META-INF/services/io.axoniq.license.entitlement.AxoniqAddon","2026-02-10T10:39","6c851d1a2144935ea239b88c39ab7f7821e52d84","Verify entitlements through entitlement-module"
"postgresql-core/src/main/resources/META-INF/services/org.axonframework.common.configuration.ConfigurationEnhancer","2025-09-02T14:13","4efd210882497ae645313c1bb845c343f066ec8f","Initial commit"
"postgresql-core/src/test/java/io/axoniq/framework/extension/postgresql/MurmurHash3Test.java","2026-01-29T13:30","33722e9b4bda69cc0be3b2b85843a6040892dec6","Add hash based consistency tags"
"postgresql-core/src/test/java/io/axoniq/framework/extension/postgresql/PostgresStorageEngineBackedEventStoreIT.java","2026-01-14T13:54","a338dc59a1ffecad0b99490e689a6d178f1d84f9","Align PostgresqlEventStorageEngine with Axon Framework 5.0.2"
"postgresql-core/src/test/java/io/axoniq/framework/extension/postgresql/PostgresqlConfigurationEnhancerTest.java","2026-02-10T10:39","6c851d1a2144935ea239b88c39ab7f7821e52d84","Verify entitlements through entitlement-module"
"postgresql-core/src/test/java/io/axoniq/framework/extension/postgresql/PostgresqlEventStorageEngineTest.java","2025-09-26T08:09","6f8cae8980e6275534905a6ef422c9902e0698cc","Add initial version of a Postgres DCB implementation"
"postgresql-spring-boot-autoconfigure/pom.xml","2025-09-25T14:40","cd282705cd160e2e89794c5684a4791819523618","Fix project setup"
"postgresql-spring-boot-autoconfigure/src/main/java/io/axoniq/framework/extension/postgresql/springboot/PostgresqlProperties.java","2026-03-24T16:59","b829aa752089be5aecc7aafbb102c5463363962a","Introduce PostgresqlProperties"
"postgresql-spring-boot-autoconfigure/src/main/java/io/axoniq/framework/extension/postgresql/springboot/autoconfig/PostgresqlAutoConfiguration.java","2026-03-24T17:05","203857d6375edb99961703015ff93e8f3a92c328","Introduce PostgresqlAutoConfiguration"
"postgresql-spring-boot-autoconfigure/src/main/java/io/axoniq/framework/extension/postgresql/springboot/autoconfig/package-info.java","2026-03-25T13:11","80df19ec69511a3020759370d51db8e8164e2986","Use jspecify annotations"
"postgresql-spring-boot-autoconfigure/src/main/java/io/axoniq/framework/extension/postgresql/springboot/package-info.java","2026-03-25T13:11","80df19ec69511a3020759370d51db8e8164e2986","Use jspecify annotations"
"postgresql-spring-boot-autoconfigure/src/main/resources/META-INF/spring/org.springframework.boot.autoconfigure.AutoConfiguration.imports","2025-09-02T14:13","4efd210882497ae645313c1bb845c343f066ec8f","Initial commit"
"postgresql-spring-boot-autoconfigure/src/test/java/io/axoniq/framework/extension/postgresql/springboot/PostgresqlPropertiesTest.java","2026-03-24T16:59","b829aa752089be5aecc7aafbb102c5463363962a","Introduce PostgresqlProperties"
"postgresql-spring-boot-autoconfigure/src/test/java/io/axoniq/framework/extension/postgresql/springboot/autoconfig/PostgresqlAutoConfigurationTest.java","2026-03-24T17:05","203857d6375edb99961703015ff93e8f3a92c328","Introduce PostgresqlAutoConfiguration"
"postgresql-spring-boot-starter/pom.xml","2025-09-25T14:40","cd282705cd160e2e89794c5684a4791819523618","Fix project setup"
