sweep,size,metric,value,events
running,100,start_all_ms,509,100
running,100,heap_per_instance_bytes,62033,100
running,100,raw_source_running_list_ms,17,100
running,100,raw_source_one_instance_ms,5,100
running,100,failover_restore_ms,314,100
running,100,release_all_ms,465,100
running,500,start_all_ms,1127,500
running,500,heap_per_instance_bytes,28073,500
running,500,raw_source_running_list_ms,35,500
running,500,raw_source_one_instance_ms,3,500
running,500,failover_restore_ms,428,500
running,500,release_all_ms,1139,500
running,1000,start_all_ms,1359,1000
running,1000,heap_per_instance_bytes,24043,1000
running,1000,raw_source_running_list_ms,21,1000
running,1000,raw_source_one_instance_ms,1,1000
running,1000,failover_restore_ms,424,1000
running,1000,release_all_ms,1751,1000
running,2000,start_all_ms,1118,2000
running,2000,heap_per_instance_bytes,22705,2000
running,2000,raw_source_running_list_ms,33,2000
running,2000,raw_source_one_instance_ms,1,2000
running,2000,failover_restore_ms,524,2000
running,2000,release_all_ms,1997,2000
running,5000,start_all_ms,2383,5000
running,5000,heap_per_instance_bytes,21522,5000
running,5000,raw_source_running_list_ms,42,5000
running,5000,raw_source_one_instance_ms,0,5000
running,5000,failover_restore_ms,853,5000
running,5000,release_all_ms,10105,5000
running,10000,start_all_ms,5146,10000
running,10000,heap_per_instance_bytes,20517,10000
running,10000,raw_source_running_list_ms,106,10000
running,10000,raw_source_one_instance_ms,0,10000
running,10000,failover_restore_ms,1601,10000
running,10000,release_all_ms,47178,10000
running,20000,start_all_ms,16163,20000
running,20000,heap_per_instance_bytes,21021,20000
running,20000,raw_source_running_list_ms,179,20000
running,20000,raw_source_one_instance_ms,1,20000
running,20000,failover_restore_ms,3863,20000
running,20000,release_all_ms,332709,20000
history,0,seed_ms,0,0
history,0,raw_source_running_list_ms,1,10
history,0,failover_restore_ms,105,10
history,10000,seed_ms,14384,20000
history,10000,raw_source_running_list_ms,102,20010
history,10000,failover_restore_ms,2249,10
history,50000,seed_ms,62013,100000
history,50000,raw_source_running_list_ms,997,100010
history,50000,failover_restore_ms,12456,10
history,200000,seed_ms,229684,400000
history,200000,raw_source_running_list_ms,2545,400010
history,200000,failover_restore_ms,41847,10
history,500000,seed_ms,743135,1000000
history,500000,raw_source_running_list_ms,19511,1000010
history,500000,failover_restore_ms,249235,10
history,1000000,seed_ms,1583115,2000000
history,1000000,raw_source_running_list_ms,13132,2000010
history,1000000,failover_restore_ms,188286,10
steps,0,execute_steps_ms,221,2
steps,0,events_in_instance,2,2
steps,0,raw_source_one_instance_ms,3,2
steps,0,failover_restore_ms,104,2
steps,0,release_after_restore_ms,112,2
steps,10,execute_steps_ms,433,22
steps,10,events_in_instance,22,22
steps,10,raw_source_one_instance_ms,2,22
steps,10,failover_restore_ms,104,22
steps,10,release_after_restore_ms,109,22
steps,50,execute_steps_ms,1239,102
steps,50,events_in_instance,102,102
steps,50,raw_source_one_instance_ms,2,102
steps,50,failover_restore_ms,105,102
steps,50,release_after_restore_ms,105,102
steps,100,execute_steps_ms,2485,202
steps,100,events_in_instance,202,202
steps,100,raw_source_one_instance_ms,4,202
steps,100,failover_restore_ms,104,202
steps,100,release_after_restore_ms,105,202
steps,250,execute_steps_ms,5804,502
steps,250,events_in_instance,502,502
steps,250,raw_source_one_instance_ms,7,502
steps,250,failover_restore_ms,105,502
steps,250,release_after_restore_ms,106,502
steps,500,execute_steps_ms,11619,1002
steps,500,events_in_instance,1002,1002
steps,500,raw_source_one_instance_ms,12,1002
steps,500,failover_restore_ms,104,1002
steps,500,release_after_restore_ms,102,1002
steps,1000,execute_steps_ms,23129,2002
steps,1000,events_in_instance,2002,2002
steps,1000,raw_source_one_instance_ms,18,2002
steps,1000,failover_restore_ms,5086,2002
steps,1000,release_after_restore_ms,104,2002
steps,2000,execute_steps_ms,45964,4002
steps,2000,events_in_instance,4002,4002
steps,2000,raw_source_one_instance_ms,33,4002
steps,2000,failover_restore_ms,15280,4002
steps,2000,release_after_restore_ms,106,4002
steps,5000,execute_steps_ms,114907,10002
steps,5000,events_in_instance,10002,10002
steps,5000,raw_source_one_instance_ms,49,10002
steps,5000,failover_restore_ms,20420,10002
steps,5000,release_after_restore_ms,208,10002
